cargo_id,trip_id,cargo_type,weight_tons,total_load_tons
C287996,T5000,Steel,51.87,62.019999999999996
C513192,T5000,Cement,10.15,62.019999999999996
C967381,T5001,Cement,31.87,51.540000000000006
C289167,T5001,Coal,19.67,51.540000000000006
C310038,T5002,Cement,17.02,58.03
C531352,T5002,Coal,41.01,58.03
C204759,T5003,Coal,48.99,112.14
C752474,T5003,Steel,15.71,112.14
C897331,T5003,Food Grain,47.44,112.14
C891833,T5004,Steel,53.64,78.45
C710503,T5004,Cement,24.81,78.45
C115314,T5005,Food Grain,25.56,92.67
C638876,T5005,Steel,33.32,92.67
C381921,T5005,Food Grain,33.79,92.67
C219235,T5006,Food Grain,51.89,134.8
C697586,T5006,Food Grain,43.17,134.8
C432999,T5006,Coal,39.74,134.8
C286524,T5007,Food Grain,10.7,43.59
C656177,T5007,Coal,32.89,43.59
C243488,T5008,Cement,17.67,17.67
C734378,T5009,Steel,45.12,121.35
C360281,T5009,Cement,43.13,121.35
C938116,T5009,Coal,33.1,121.35
C938327,T5010,Cement,49.79,49.79
C159257,T5011,Food Grain,23.36,23.36
C360263,T5012,Steel,17.95,17.95
C832027,T5013,Food Grain,37.83,37.83
C615565,T5014,Cement,13.16,70.8
C137551,T5014,Steel,41.2,70.8
C283443,T5014,Steel,16.44,70.8
C857996,T5015,Cement,43.74,111.54
C781751,T5015,Steel,38.6,111.54
C842956,T5015,Steel,29.2,111.54
C832921,T5016,Steel,53.93,53.93
C327015,T5017,Steel,46.94,46.94
C972547,T5018,Steel,25.34,25.34
C575992,T5019,Food Grain,10.27,10.27
C170819,T5020,Steel,37.05,84.62
C591155,T5020,Food Grain,11.28,84.62
C737753,T5020,Steel,36.29,84.62
C958693,T5021,Steel,21.58,21.58
C191435,T5022,Food Grain,50.77,89.41
C902539,T5022,Cement,38.64,89.41
C705061,T5023,Food Grain,34.91,87.46
C656709,T5023,Steel,52.55,87.46
C901920,T5024,Steel,24.6,64.25
C376111,T5024,Food Grain,39.65,64.25
C289691,T5025,Coal,42.04,68.99
C973633,T5025,Food Grain,26.95,68.99
C292966,T5026,Steel,24.88,24.88
C927022,T5027,Coal,45.36,45.36
C869885,T5028,Coal,48.79,66.09
C960703,T5028,Cement,17.3,66.09
C897790,T5029,Food Grain,29.31,29.31
C544922,T5030,Steel,25.79,97.99000000000001
C945534,T5030,Steel,51.59,97.99000000000001
C765333,T5030,Cement,20.61,97.99000000000001
C689222,T5031,Coal,35.22,96.74
C619005,T5031,Coal,45.61,96.74
C331826,T5031,Cement,15.91,96.74
C460195,T5032,Steel,46.45,101.14
C833963,T5032,Coal,54.69,101.14
C189421,T5033,Cement,36.79,36.79
C387760,T5034,Cement,23.81,102.97
C503389,T5034,Cement,52.99,102.97
C251554,T5034,Steel,26.17,102.97
C565003,T5035,Cement,30.74,56.51
C661027,T5035,Food Grain,25.77,56.51
C724046,T5036,Food Grain,37.81,61.75
C873636,T5036,Cement,23.94,61.75
C543220,T5037,Food Grain,16.88,92.42
C269383,T5037,Coal,49.67,92.42
C366693,T5037,Coal,25.87,92.42
C284327,T5038,Coal,34.96,131.6
C996551,T5038,Cement,48.51,131.6
C931005,T5038,Food Grain,48.13,131.6
C448227,T5039,Cement,42.55,65.21
C642316,T5039,Steel,22.66,65.21
C932537,T5040,Food Grain,35.22,65.07
C197721,T5040,Food Grain,29.85,65.07
C329487,T5041,Food Grain,22.21,22.21
C294592,T5042,Food Grain,37.72,76.75
C958568,T5042,Cement,39.03,76.75
C964887,T5043,Coal,43.57,78.37
C969818,T5043,Coal,34.8,78.37
C569787,T5044,Cement,46.98,97.22999999999999
C638450,T5044,Steel,50.25,97.22999999999999
C812888,T5045,Food Grain,44.77,44.77
C398271,T5046,Coal,36.54,76.09
C527729,T5046,Coal,39.55,76.09
C903699,T5047,Food Grain,21.0,105.68
C459092,T5047,Steel,49.46,105.68
C319860,T5047,Food Grain,35.22,105.68
C181817,T5048,Coal,39.29,124.74000000000001
C152847,T5048,Coal,46.63,124.74000000000001
C893663,T5048,Steel,38.82,124.74000000000001
C614061,T5049,Steel,10.26,41.96
C922410,T5049,Food Grain,31.7,41.96
C798087,T5050,Steel,21.43,21.43
C139729,T5051,Cement,37.15,37.15
C730939,T5052,Food Grain,37.21,76.36
C624706,T5052,Food Grain,39.15,76.36
C970983,T5053,Steel,45.93,45.93
C763957,T5054,Coal,31.07,48.16
C868970,T5054,Food Grain,17.09,48.16
C978506,T5055,Coal,31.43,79.33
C231312,T5055,Steel,28.05,79.33
C264389,T5055,Steel,19.85,79.33
C887769,T5056,Coal,48.9,48.9
C597609,T5057,Food Grain,32.85,60.74
C165966,T5057,Coal,11.52,60.74
C554574,T5057,Cement,16.37,60.74
C674549,T5058,Food Grain,52.18,68.21000000000001
C146806,T5058,Steel,16.03,68.21000000000001
C501290,T5059,Food Grain,34.53,116.13
C604389,T5059,Steel,41.79,116.13
C782964,T5059,Cement,39.81,116.13
C661345,T5060,Coal,19.49,19.49
C117983,T5061,Steel,36.35,85.5
C409771,T5061,Cement,49.15,85.5
C547818,T5062,Coal,19.39,49.31
C812448,T5062,Coal,29.92,49.31
C821512,T5063,Cement,23.34,129.46
C985203,T5063,Food Grain,51.39,129.46
C780222,T5063,Food Grain,54.73,129.46
C105056,T5064,Cement,35.33,35.33
C196771,T5065,Food Grain,38.91,38.91
C395647,T5066,Food Grain,31.98,73.71
C121398,T5066,Coal,41.73,73.71
C189259,T5067,Coal,29.27,128.04
C333283,T5067,Food Grain,53.27,128.04
C684916,T5067,Food Grain,45.5,128.04
C998933,T5068,Food Grain,35.95,79.21000000000001
C653376,T5068,Coal,18.97,79.21000000000001
C704942,T5068,Steel,24.29,79.21000000000001
C124099,T5069,Food Grain,23.36,41.94
C404125,T5069,Coal,18.58,41.94
C521401,T5070,Food Grain,19.43,99.63
C943582,T5070,Cement,25.72,99.63
C885510,T5070,Food Grain,54.48,99.63
C391635,T5071,Food Grain,18.27,58.47
C488056,T5071,Coal,11.35,58.47
C638506,T5071,Steel,28.85,58.47
C778496,T5072,Steel,53.82,53.82
C851110,T5073,Steel,43.21,67.03999999999999
C705855,T5073,Coal,23.83,67.03999999999999
C968118,T5074,Steel,54.29,80.58
C521867,T5074,Steel,26.29,80.58
C783766,T5075,Food Grain,51.99,137.64
C370512,T5075,Coal,48.5,137.64
C523083,T5075,Food Grain,37.15,137.64
C987564,T5076,Food Grain,16.62,83.58
C408145,T5076,Cement,48.15,83.58
C988824,T5076,Cement,18.81,83.58
C842828,T5077,Food Grain,24.08,102.93
C436699,T5077,Coal,33.36,102.93
C136010,T5077,Steel,45.49,102.93
C919665,T5078,Coal,37.03,69.6
C418393,T5078,Cement,32.57,69.6
C783120,T5079,Cement,37.3,76.94
C897054,T5079,Food Grain,39.64,76.94
C744822,T5080,Coal,11.42,24.27
C470156,T5080,Cement,12.85,24.27
C306526,T5081,Cement,40.68,66.9
C143183,T5081,Food Grain,26.22,66.9
C977406,T5082,Steel,47.82,47.82
C999518,T5083,Food Grain,40.73,40.73
C450560,T5084,Steel,24.42,24.42
C654240,T5085,Cement,13.43,13.43
C363854,T5086,Coal,12.87,12.87
C532046,T5087,Food Grain,43.92,99.3
C835286,T5087,Food Grain,21.26,99.3
C148769,T5087,Coal,34.12,99.3
C667966,T5088,Coal,18.01,18.01
C331386,T5089,Steel,33.39,44.51
C796872,T5089,Coal,11.12,44.51
C156947,T5090,Coal,20.32,43.129999999999995
C412327,T5090,Food Grain,22.81,43.129999999999995
C892088,T5091,Food Grain,27.57,37.92
C746106,T5091,Food Grain,10.35,37.92
C534937,T5092,Cement,31.43,31.43
C136451,T5093,Coal,19.69,72.56
C520959,T5093,Coal,39.28,72.56
C404069,T5093,Steel,13.59,72.56
C620569,T5094,Steel,45.0,45.0
C149563,T5095,Steel,36.08,36.08
C498241,T5096,Cement,53.01,101.59
C803386,T5096,Steel,48.58,101.59
C785282,T5097,Coal,22.7,22.7
C998667,T5098,Cement,44.87,44.87
C180534,T5099,Cement,43.66,108.61
C917755,T5099,Coal,54.78,108.61
C853234,T5099,Steel,10.17,108.61
C371642,T5100,Steel,25.88,25.88
C208120,T5101,Steel,50.59,50.59
C971132,T5102,Coal,38.57,50.4
C466051,T5102,Steel,11.83,50.4
C850015,T5103,Food Grain,22.77,35.93
C502571,T5103,Food Grain,13.16,35.93
C130319,T5104,Food Grain,43.92,97.81
C114613,T5104,Coal,53.89,97.81
C257153,T5105,Coal,44.62,147.36
C418400,T5105,Coal,54.04,147.36
C111297,T5105,Cement,48.7,147.36
C457880,T5106,Coal,29.15,75.27
C110601,T5106,Steel,46.12,75.27
C368050,T5107,Steel,38.84,98.54
C230463,T5107,Steel,46.03,98.54
C638956,T5107,Coal,13.67,98.54
C105995,T5108,Steel,38.04,38.04
C689463,T5109,Coal,54.68,54.68
C852093,T5110,Coal,35.8,104.66
C796348,T5110,Food Grain,41.87,104.66
C617063,T5110,Coal,26.99,104.66
C508762,T5111,Cement,10.07,10.07
C853504,T5112,Food Grain,37.81,37.81
C708921,T5113,Cement,46.19,101.91999999999999
C757001,T5113,Coal,14.33,101.91999999999999
C400401,T5113,Cement,41.4,101.91999999999999
C120914,T5114,Food Grain,16.27,48.3
C567175,T5114,Coal,14.82,48.3
C372711,T5114,Cement,17.21,48.3
C269251,T5115,Cement,16.38,44.8
C518099,T5115,Cement,13.14,44.8
C712230,T5115,Cement,15.28,44.8
C130809,T5116,Cement,10.07,24.240000000000002
C449035,T5116,Coal,14.17,24.240000000000002
C816944,T5117,Coal,11.29,11.29
C336079,T5118,Food Grain,20.29,20.29
C943797,T5119,Steel,21.08,21.08
C322946,T5120,Steel,12.65,48.69
C842813,T5120,Coal,36.04,48.69
C318366,T5121,Coal,15.53,77.71
C341662,T5121,Cement,47.19,77.71
C377670,T5121,Cement,14.99,77.71
C967889,T5122,Cement,22.95,105.71000000000001
C530691,T5122,Coal,53.8,105.71000000000001
C753457,T5122,Coal,28.96,105.71000000000001
C345876,T5123,Coal,24.93,24.93
C438057,T5124,Cement,18.21,65.62
C257326,T5124,Food Grain,47.41,65.62
C150631,T5125,Cement,45.71,128.59
C688285,T5125,Steel,48.58,128.59
C450680,T5125,Steel,34.3,128.59
C252298,T5126,Food Grain,39.34,92.62
C683517,T5126,Steel,26.18,92.62
C815545,T5126,Food Grain,27.1,92.62
C875561,T5127,Coal,15.88,47.83
C701169,T5127,Coal,31.95,47.83
C342440,T5128,Coal,27.7,128.23000000000002
C272674,T5128,Food Grain,48.54,128.23000000000002
C525006,T5128,Coal,51.99,128.23000000000002
C723516,T5129,Coal,23.42,54.8
C709174,T5129,Coal,31.38,54.8
C983097,T5130,Food Grain,40.58,99.25999999999999
C187484,T5130,Steel,18.49,99.25999999999999
C747182,T5130,Coal,40.19,99.25999999999999
C147225,T5131,Food Grain,29.34,29.34
C845158,T5132,Coal,48.16,80.44999999999999
C664076,T5132,Cement,32.29,80.44999999999999
C283309,T5133,Steel,21.96,21.96
C325955,T5134,Food Grain,15.91,106.37
C295459,T5134,Coal,49.28,106.37
C700283,T5134,Food Grain,41.18,106.37
C517313,T5135,Steel,39.59,74.5
C393524,T5135,Food Grain,34.91,74.5
C658070,T5136,Food Grain,35.14,65.03
C130500,T5136,Steel,19.34,65.03
C321327,T5136,Food Grain,10.55,65.03
C193791,T5137,Coal,29.61,29.61
C701044,T5138,Cement,23.23,41.760000000000005
C228454,T5138,Food Grain,18.53,41.760000000000005
C104737,T5139,Cement,12.5,58.26
C245120,T5139,Steel,45.76,58.26
C837941,T5140,Steel,25.92,113.13
C623011,T5140,Cement,52.61,113.13
C112290,T5140,Coal,34.6,113.13
C526391,T5141,Cement,15.87,15.87
C928996,T5142,Steel,21.44,65.8
C630700,T5142,Coal,14.23,65.8
C675995,T5142,Cement,30.13,65.8
C774444,T5143,Steel,29.72,42.53
C189672,T5143,Food Grain,12.81,42.53
C119233,T5144,Cement,46.4,142.67
C820969,T5144,Steel,44.9,142.67
C458144,T5144,Cement,51.37,142.67
C857116,T5145,Food Grain,29.41,48.64
C425835,T5145,Coal,19.23,48.64
C264039,T5146,Food Grain,21.73,83.64
C808305,T5146,Steel,26.84,83.64
C196738,T5146,Cement,35.07,83.64
C775079,T5147,Coal,32.61,32.61
C483731,T5148,Coal,48.72,119.97
C241234,T5148,Coal,27.69,119.97
C646461,T5148,Cement,43.56,119.97
C853819,T5149,Food Grain,33.88,63.150000000000006
C215394,T5149,Food Grain,29.27,63.150000000000006
C102822,T5150,Coal,24.32,97.29
C810279,T5150,Food Grain,49.6,97.29
C575546,T5150,Food Grain,23.37,97.29
C234783,T5151,Cement,53.46,53.46
C236887,T5152,Steel,40.76,40.76
C813216,T5153,Coal,42.78,42.78
C403683,T5154,Cement,49.48,65.28
C158131,T5154,Steel,15.8,65.28
C798825,T5155,Coal,38.56,84.92
C735643,T5155,Steel,46.36,84.92
C447493,T5156,Coal,29.16,80.09
C388000,T5156,Coal,24.09,80.09
C453926,T5156,Steel,26.84,80.09
C862501,T5157,Steel,11.43,29.22
C620261,T5157,Coal,17.79,29.22
C463395,T5158,Steel,20.51,20.51
C654670,T5159,Food Grain,42.9,83.97999999999999
C882790,T5159,Coal,41.08,83.97999999999999
C112765,T5160,Coal,48.02,83.43
C237586,T5160,Food Grain,18.13,83.43
C624737,T5160,Cement,17.28,83.43
C115205,T5161,Steel,13.91,66.23
C385210,T5161,Cement,21.42,66.23
C919254,T5161,Cement,30.9,66.23
C517814,T5162,Cement,36.45,36.45
C242133,T5163,Steel,36.24,69.42
C202960,T5163,Coal,10.7,69.42
C724194,T5163,Steel,22.48,69.42
C190679,T5164,Food Grain,30.08,46.26
C546901,T5164,Food Grain,16.18,46.26
C132847,T5165,Cement,39.69,39.69
C830193,T5166,Cement,47.58,63.3
C409142,T5166,Steel,15.72,63.3
C501882,T5167,Food Grain,31.56,31.56
C917657,T5168,Coal,36.92,52.17
C909360,T5168,Steel,15.25,52.17
C253813,T5169,Steel,36.84,52.96000000000001
C450057,T5169,Coal,16.12,52.96000000000001
C405604,T5170,Coal,34.21,61.75
C312052,T5170,Food Grain,27.54,61.75
C457526,T5171,Cement,40.4,113.59
C130801,T5171,Cement,54.42,113.59
C279321,T5171,Steel,18.77,113.59
C840804,T5172,Food Grain,42.14,74.75
C315421,T5172,Coal,32.61,74.75
C521371,T5173,Food Grain,24.76,40.69
C322582,T5173,Cement,15.93,40.69
C580175,T5174,Coal,45.73,83.59
C363550,T5174,Steel,11.59,83.59
C160102,T5174,Coal,26.27,83.59
C492606,T5175,Steel,44.74,44.74
C697877,T5176,Cement,30.04,30.04
C719001,T5177,Coal,42.23,88.47999999999999
C299900,T5177,Coal,46.25,88.47999999999999
C460750,T5178,Steel,15.57,15.57
C829820,T5179,Food Grain,28.76,100.34
C130030,T5179,Cement,38.11,100.34
C185724,T5179,Cement,33.47,100.34
C696874,T5180,Food Grain,53.43,112.75999999999999
C791720,T5180,Steel,13.89,112.75999999999999
C365500,T5180,Food Grain,45.44,112.75999999999999
C588147,T5181,Coal,40.15,129.66
C724450,T5181,Steel,48.52,129.66
C818740,T5181,Coal,40.99,129.66
C263873,T5182,Food Grain,17.78,17.78
C930523,T5183,Steel,18.48,78.83
C834704,T5183,Steel,15.19,78.83
C752751,T5183,Food Grain,45.16,78.83
C347891,T5184,Coal,40.49,117.52000000000001
C843259,T5184,Food Grain,35.27,117.52000000000001
C896801,T5184,Steel,41.76,117.52000000000001
C748194,T5185,Cement,43.08,131.48
C896974,T5185,Steel,42.22,131.48
C529617,T5185,Coal,46.18,131.48
C148343,T5186,Food Grain,50.07,50.07
C628879,T5187,Coal,23.14,89.28
C277131,T5187,Cement,44.12,89.28
C318842,T5187,Cement,22.02,89.28
C268000,T5188,Cement,33.92,133.31
C476466,T5188,Cement,53.38,133.31
C897222,T5188,Steel,46.01,133.31
C678920,T5189,Coal,20.31,54.2
C885675,T5189,Cement,33.89,54.2
C815604,T5190,Steel,15.34,31.2
C181920,T5190,Cement,15.86,31.2
C339117,T5191,Coal,23.71,124.35
C547525,T5191,Coal,48.75,124.35
C604679,T5191,Steel,51.89,124.35
C180809,T5192,Coal,15.14,15.14
C905910,T5193,Coal,23.0,23.0
C570597,T5194,Food Grain,45.89,88.3
C335192,T5194,Coal,42.41,88.3
C175147,T5195,Food Grain,21.73,45.480000000000004
C450617,T5195,Steel,23.75,45.480000000000004
C638875,T5196,Steel,38.18,96.44
C602834,T5196,Steel,30.92,96.44
C758687,T5196,Food Grain,27.34,96.44
C680527,T5197,Steel,12.41,12.41
C293220,T5198,Coal,35.58,35.58
C704213,T5199,Coal,28.19,52.06
C920127,T5199,Coal,23.87,52.06
C844010,T5200,Steel,25.41,66.02
C847834,T5200,Food Grain,40.61,66.02
C464355,T5201,Steel,44.31,44.31
C235798,T5202,Food Grain,17.32,59.910000000000004
C538828,T5202,Steel,42.59,59.910000000000004
C295385,T5203,Food Grain,20.62,128.74
C848097,T5203,Coal,53.58,128.74
C943578,T5203,Cement,54.54,128.74
C667614,T5204,Coal,29.63,76.15
C280109,T5204,Steel,46.52,76.15
C613371,T5205,Coal,40.44,88.84
C439444,T5205,Steel,48.4,88.84
C420154,T5206,Coal,36.7,94.67
C998515,T5206,Coal,23.64,94.67
C620441,T5206,Steel,34.33,94.67
C482170,T5207,Steel,31.43,76.18
C642308,T5207,Coal,44.75,76.18
C898379,T5208,Coal,25.66,25.66
C733317,T5209,Food Grain,46.87,92.32
C236353,T5209,Coal,45.45,92.32
C642685,T5210,Steel,25.49,25.49
C249183,T5211,Food Grain,54.57,80.68
C162236,T5211,Steel,26.11,80.68
C207158,T5212,Steel,53.49,127.74000000000001
C616856,T5212,Cement,51.42,127.74000000000001
C262162,T5212,Coal,22.83,127.74000000000001
C461184,T5213,Coal,44.4,73.17
C269888,T5213,Cement,28.77,73.17
C922121,T5214,Food Grain,54.28,87.75
C977103,T5214,Cement,12.58,87.75
C657568,T5214,Food Grain,20.89,87.75
C666243,T5215,Food Grain,20.99,20.99
C751203,T5216,Steel,49.25,138.49
C333639,T5216,Cement,48.92,138.49
C670372,T5216,Steel,40.32,138.49
C532685,T5217,Food Grain,28.28,28.28
C105278,T5218,Cement,14.07,14.07
C248268,T5219,Coal,47.56,129.57
C456041,T5219,Steel,48.01,129.57
C780175,T5219,Steel,34.0,129.57
C542721,T5220,Coal,37.79,54.19
C283844,T5220,Cement,16.4,54.19
C636651,T5221,Cement,18.09,31.28
C258410,T5221,Food Grain,13.19,31.28
C622499,T5222,Cement,28.67,83.22
C953431,T5222,Food Grain,40.62,83.22
C303004,T5222,Steel,13.93,83.22
C462870,T5223,Food Grain,47.99,67.81
C906890,T5223,Coal,19.82,67.81
C604052,T5224,Cement,35.39,35.39
C690777,T5225,Coal,36.76,86.69
C598284,T5225,Cement,49.93,86.69
C737672,T5226,Cement,41.3,41.3
C944853,T5227,Coal,23.13,75.47
C483565,T5227,Steel,52.34,75.47
C152535,T5228,Steel,30.4,41.98
C228240,T5228,Coal,11.58,41.98
C866133,T5229,Food Grain,51.17,64.01
C731702,T5229,Steel,12.84,64.01
C125566,T5230,Cement,40.33,98.35
C138614,T5230,Steel,31.92,98.35
C120898,T5230,Food Grain,26.1,98.35
C698070,T5231,Food Grain,22.7,103.29
C673551,T5231,Food Grain,44.89,103.29
C687599,T5231,Steel,35.7,103.29
C304417,T5232,Steel,38.52,70.24000000000001
C844537,T5232,Cement,31.72,70.24000000000001
C220441,T5233,Steel,10.79,108.0
C832691,T5233,Cement,44.98,108.0
C409215,T5233,Steel,52.23,108.0
C626802,T5234,Cement,42.67,91.16
C938621,T5234,Food Grain,18.82,91.16
C135587,T5234,Cement,29.67,91.16
C608295,T5235,Cement,28.59,74.11
C421950,T5235,Cement,45.52,74.11
C445772,T5236,Cement,47.08,99.0
C831966,T5236,Coal,51.92,99.0
C855674,T5237,Steel,10.01,44.46
C954269,T5237,Steel,34.45,44.46
C439121,T5238,Food Grain,49.41,49.41
C230368,T5239,Steel,52.26,52.26
C535267,T5240,Food Grain,52.91,83.64999999999999
C992017,T5240,Food Grain,30.74,83.64999999999999
C472098,T5241,Food Grain,38.3,38.3
C778942,T5242,Coal,46.13,46.13
C528440,T5243,Coal,19.67,98.89
C883771,T5243,Food Grain,40.85,98.89
C805178,T5243,Coal,38.37,98.89
C360557,T5244,Cement,44.04,44.04
C817999,T5245,Cement,29.4,75.3
C271602,T5245,Coal,11.76,75.3
C989056,T5245,Steel,34.14,75.3
C181936,T5246,Cement,16.21,84.64
C260971,T5246,Coal,26.89,84.64
C823136,T5246,Coal,41.54,84.64
C581395,T5247,Coal,35.87,77.59
C931472,T5247,Cement,41.72,77.59
C333089,T5248,Coal,41.38,41.38
C227340,T5249,Coal,33.08,49.43
C339847,T5249,Steel,16.35,49.43
C174986,T5250,Steel,52.42,52.42
C610262,T5251,Coal,17.51,17.51
C429316,T5252,Coal,31.65,126.41
C971743,T5252,Coal,47.69,126.41
C170484,T5252,Cement,47.07,126.41
C736109,T5253,Coal,40.3,122.4
C186496,T5253,Cement,43.29,122.4
C832586,T5253,Cement,38.81,122.4
C461559,T5254,Food Grain,25.45,79.75
C958946,T5254,Food Grain,13.37,79.75
C300027,T5254,Food Grain,40.93,79.75
C205869,T5255,Food Grain,32.27,32.27
C514183,T5256,Cement,33.19,33.19
C267555,T5257,Food Grain,54.42,147.79
C374837,T5257,Steel,52.37,147.79
C641905,T5257,Cement,41.0,147.79
C948514,T5258,Food Grain,44.49,116.91
C650259,T5258,Coal,21.03,116.91
C985965,T5258,Steel,51.39,116.91
C587595,T5259,Food Grain,21.65,75.97999999999999
C618538,T5259,Cement,29.88,75.97999999999999
C870917,T5259,Food Grain,24.45,75.97999999999999
C595714,T5260,Steel,13.94,13.94
C468754,T5261,Cement,13.79,13.79
C166243,T5262,Cement,24.08,111.53999999999999
C953347,T5262,Cement,37.19,111.53999999999999
C602785,T5262,Steel,50.27,111.53999999999999
C722882,T5263,Cement,36.88,36.88
C380177,T5264,Food Grain,24.87,69.61
C525483,T5264,Steel,44.74,69.61
C902256,T5265,Steel,21.52,21.52
C453406,T5266,Food Grain,31.08,31.08
C996013,T5267,Steel,49.37,105.86
C748379,T5267,Coal,36.11,105.86
C906247,T5267,Steel,20.38,105.86
C828243,T5268,Steel,49.3,73.27
C885477,T5268,Steel,23.97,73.27
C434567,T5269,Cement,42.23,42.23
C920313,T5270,Food Grain,12.95,12.95
C457761,T5271,Coal,34.78,113.26
C896102,T5271,Food Grain,37.2,113.26
C441472,T5271,Steel,41.28,113.26
C693392,T5272,Cement,53.69,110.13
C571446,T5272,Cement,16.94,110.13
C265550,T5272,Food Grain,39.5,110.13
C890145,T5273,Coal,29.42,63.84
C227415,T5273,Coal,34.42,63.84
C338601,T5274,Coal,18.1,107.22
C423462,T5274,Food Grain,41.69,107.22
C158455,T5274,Cement,47.43,107.22
C970355,T5275,Cement,40.23,50.879999999999995
C566065,T5275,Steel,10.65,50.879999999999995
C701176,T5276,Cement,16.05,57.95
C578340,T5276,Steel,41.9,57.95
C707189,T5277,Cement,14.82,14.82
C475838,T5278,Coal,25.66,107.66
C794770,T5278,Coal,32.27,107.66
C721464,T5278,Coal,49.73,107.66
C113646,T5279,Food Grain,35.3,35.3
C899296,T5280,Food Grain,42.4,42.4
C331387,T5281,Steel,12.96,47.33
C623060,T5281,Cement,34.37,47.33
C309369,T5282,Steel,54.66,54.66
C716204,T5283,Coal,42.18,142.96
C355080,T5283,Steel,54.44,142.96
C440972,T5283,Steel,46.34,142.96
C567475,T5284,Cement,49.93,49.93
C463744,T5285,Steel,41.87,107.41999999999999
C352196,T5285,Steel,27.82,107.41999999999999
C496538,T5285,Steel,37.73,107.41999999999999
C710870,T5286,Coal,32.43,32.43
C580702,T5287,Steel,43.83,93.00999999999999
C524161,T5287,Steel,49.18,93.00999999999999
C285940,T5288,Steel,41.96,94.78999999999999
C471051,T5288,Food Grain,32.98,94.78999999999999
C720629,T5288,Steel,19.85,94.78999999999999
C158072,T5289,Coal,11.49,56.42
C293567,T5289,Cement,44.93,56.42
C284800,T5290,Steel,38.91,84.36
C376185,T5290,Food Grain,45.45,84.36
C840334,T5291,Food Grain,31.22,83.3
C373823,T5291,Cement,27.17,83.3
C240146,T5291,Coal,24.91,83.3
C843626,T5292,Steel,13.46,76.94
C199959,T5292,Cement,51.88,76.94
C566058,T5292,Coal,11.6,76.94
C173414,T5293,Cement,27.16,74.2
C975126,T5293,Cement,29.69,74.2
C227043,T5293,Steel,17.35,74.2
C838135,T5294,Food Grain,48.22,117.41
C814885,T5294,Cement,41.66,117.41
C958213,T5294,Food Grain,27.53,117.41
C327322,T5295,Steel,20.78,93.95
C555486,T5295,Cement,29.66,93.95
C731139,T5295,Cement,43.51,93.95
C911526,T5296,Coal,51.03,51.03
C866067,T5297,Cement,11.22,84.27000000000001
C319813,T5297,Cement,22.99,84.27000000000001
C847137,T5297,Food Grain,50.06,84.27000000000001
C900743,T5298,Food Grain,25.53,99.8
C475774,T5298,Cement,27.79,99.8
C791197,T5298,Cement,46.48,99.8
C835640,T5299,Coal,37.05,112.49
C874737,T5299,Coal,27.73,112.49
C515060,T5299,Coal,47.71,112.49
C736143,T5300,Food Grain,27.23,27.23
C375446,T5301,Food Grain,14.51,70.16999999999999
C598596,T5301,Cement,34.66,70.16999999999999
C245825,T5301,Coal,21.0,70.16999999999999
C295073,T5302,Steel,20.11,65.63
C920705,T5302,Cement,13.3,65.63
C172122,T5302,Food Grain,32.22,65.63
C725555,T5303,Coal,17.68,17.68
C467689,T5304,Coal,16.57,16.57
C241833,T5305,Food Grain,33.05,87.94
C983533,T5305,Steel,23.19,87.94
C615593,T5305,Coal,31.7,87.94
C232262,T5306,Food Grain,37.33,66.32
C179523,T5306,Cement,18.68,66.32
C894535,T5306,Steel,10.31,66.32
C286210,T5307,Steel,39.21,49.97
C866607,T5307,Cement,10.76,49.97
C326304,T5308,Food Grain,48.71,75.22
C964916,T5308,Food Grain,26.51,75.22
C685497,T5309,Coal,29.99,43.46
C757393,T5309,Steel,13.47,43.46
C628653,T5310,Food Grain,40.02,40.02
C210135,T5311,Food Grain,23.87,78.35
C167339,T5311,Cement,54.48,78.35
C834323,T5312,Food Grain,40.88,109.04
C618463,T5312,Cement,15.57,109.04
C848775,T5312,Cement,52.59,109.04
C165929,T5313,Food Grain,19.53,78.71000000000001
C423922,T5313,Cement,27.15,78.71000000000001
C433749,T5313,Coal,32.03,78.71000000000001
C328686,T5314,Cement,18.87,35.8
C141405,T5314,Cement,16.93,35.8
C220906,T5315,Steel,15.33,15.33
C689299,T5316,Food Grain,22.92,22.92
C666722,T5317,Cement,49.38,132.25
C371300,T5317,Coal,49.79,132.25
C716690,T5317,Food Grain,33.08,132.25
C895291,T5318,Steel,34.62,83.65
C959788,T5318,Food Grain,49.03,83.65
C560755,T5319,Cement,47.63,47.63
C378791,T5320,Coal,35.23,71.1
C951924,T5320,Cement,35.87,71.1
C903750,T5321,Cement,35.11,35.11
C616062,T5322,Coal,43.41,43.41
C492599,T5323,Cement,40.82,137.5
C978370,T5323,Steel,45.8,137.5
C459324,T5323,Steel,50.88,137.5
C749578,T5324,Coal,15.69,82.24
C479302,T5324,Cement,36.32,82.24
C627518,T5324,Steel,30.23,82.24
C326499,T5325,Steel,46.76,103.67999999999999
C739127,T5325,Food Grain,27.08,103.67999999999999
C987184,T5325,Food Grain,29.84,103.67999999999999
C393009,T5326,Coal,20.19,54.43
C136873,T5326,Food Grain,19.88,54.43
C185413,T5326,Coal,14.36,54.43
C567174,T5327,Steel,13.61,31.96
C657769,T5327,Steel,18.35,31.96
C108492,T5328,Food Grain,13.89,13.89
C934666,T5329,Coal,47.66,123.3
C446735,T5329,Coal,28.77,123.3
C880442,T5329,Cement,46.87,123.3
C399415,T5330,Coal,48.29,91.85
C838741,T5330,Steel,43.56,91.85
C499778,T5331,Steel,25.82,25.82
C667192,T5332,Coal,52.12,111.47999999999999
C834099,T5332,Coal,26.06,111.47999999999999
C314379,T5332,Food Grain,33.3,111.47999999999999
C379720,T5333,Steel,22.77,80.53
C982614,T5333,Food Grain,38.38,80.53
C514626,T5333,Coal,19.38,80.53
C935091,T5334,Coal,36.42,83.88
C242373,T5334,Cement,47.46,83.88
C959949,T5335,Food Grain,36.58,36.58
C469926,T5336,Coal,38.71,38.71
C825496,T5337,Steel,40.64,79.77000000000001
C971346,T5337,Coal,39.13,79.77000000000001
C140229,T5338,Food Grain,28.49,28.49
C562347,T5339,Cement,42.84,42.84
C398480,T5340,Cement,17.77,54.28
C262817,T5340,Steel,17.92,54.28
C858513,T5340,Food Grain,18.59,54.28
C148950,T5341,Coal,47.0,98.08
C799281,T5341,Cement,51.08,98.08
C408946,T5342,Coal,21.91,44.17
C305370,T5342,Coal,22.26,44.17
C889076,T5343,Coal,29.91,62.56999999999999
C336701,T5343,Steel,32.66,62.56999999999999
C676823,T5344,Food Grain,53.51,53.51
C277390,T5345,Food Grain,34.58,101.77
C946016,T5345,Steel,19.88,101.77
C102907,T5345,Steel,47.31,101.77
C281342,T5346,Coal,43.09,55.52
C905575,T5346,Cement,12.43,55.52
C595174,T5347,Coal,40.12,80.43
C596826,T5347,Coal,40.31,80.43
C616322,T5348,Food Grain,42.5,42.5
C380989,T5349,Coal,25.64,82.95
C309088,T5349,Steel,19.21,82.95
C552752,T5349,Coal,38.1,82.95
C131673,T5350,Steel,50.88,152.95
C811678,T5350,Cement,51.4,152.95
C539989,T5350,Coal,50.67,152.95
C534088,T5351,Steel,41.6,123.16
C362630,T5351,Cement,33.9,123.16
C658886,T5351,Steel,47.66,123.16
C733763,T5352,Food Grain,42.77,106.16
C422919,T5352,Coal,38.32,106.16
C937249,T5352,Cement,25.07,106.16
C644124,T5353,Coal,21.51,70.29
C505367,T5353,Cement,18.18,70.29
C947244,T5353,Coal,30.6,70.29
C211126,T5354,Steel,10.93,10.93
C336021,T5355,Food Grain,30.65,30.65
C191144,T5356,Steel,14.98,106.19
C202220,T5356,Steel,46.5,106.19
C816341,T5356,Cement,44.71,106.19
C643319,T5357,Cement,20.07,62.5
C902860,T5357,Cement,14.47,62.5
C473575,T5357,Steel,27.96,62.5
C300788,T5358,Steel,42.57,110.3
C114353,T5358,Cement,23.95,110.3
C215139,T5358,Food Grain,43.78,110.3
C292707,T5359,Food Grain,14.2,55.42
C505969,T5359,Coal,41.22,55.42
C626320,T5360,Cement,11.27,44.879999999999995
C239222,T5360,Steel,33.61,44.879999999999995
C556102,T5361,Coal,11.88,60.82
C813544,T5361,Steel,48.94,60.82
C431498,T5362,Cement,17.9,64.19999999999999
C883019,T5362,Food Grain,46.3,64.19999999999999
C512977,T5363,Steel,40.99,40.99
C783775,T5364,Food Grain,26.56,45.239999999999995
C820595,T5364,Cement,18.68,45.239999999999995
C771565,T5365,Steel,53.26,98.61
C997583,T5365,Cement,45.35,98.61
C245735,T5366,Coal,46.99,46.99
C883319,T5367,Food Grain,26.07,45.04
C672018,T5367,Food Grain,18.97,45.04
C896804,T5368,Steel,32.75,80.61
C557904,T5368,Coal,47.86,80.61
C524279,T5369,Cement,48.59,88.29
C755692,T5369,Food Grain,39.7,88.29
C216993,T5370,Steel,12.72,12.72
C897324,T5371,Steel,17.18,46.0
C672062,T5371,Food Grain,28.82,46.0
C522763,T5372,Coal,39.28,52.1
C404304,T5372,Steel,12.82,52.1
C515990,T5373,Steel,23.29,23.29
C826905,T5374,Cement,27.48,51.05
C937739,T5374,Steel,23.57,51.05
C773878,T5375,Food Grain,16.15,52.92
C844286,T5375,Food Grain,36.77,52.92
C354511,T5376,Coal,53.27,53.27
C190761,T5377,Steel,42.87,56.48
C877747,T5377,Food Grain,13.61,56.48
C589829,T5378,Steel,44.31,80.55000000000001
C829197,T5378,Food Grain,36.24,80.55000000000001
C862506,T5379,Coal,46.68,78.59
C112222,T5379,Coal,31.91,78.59
C386488,T5380,Coal,18.49,72.75
C695361,T5380,Steel,10.68,72.75
C839117,T5380,Food Grain,43.58,72.75
C553566,T5381,Steel,13.09,13.09
C853382,T5382,Cement,30.35,77.05000000000001
C891168,T5382,Steel,46.7,77.05000000000001
C593267,T5383,Steel,31.98,71.97
C884021,T5383,Food Grain,17.89,71.97
C363068,T5383,Coal,22.1,71.97
C757380,T5384,Food Grain,13.47,13.47
C138365,T5385,Food Grain,38.03,65.81
C535344,T5385,Coal,27.78,65.81
C444333,T5386,Steel,25.18,66.4
C253255,T5386,Cement,41.22,66.4
C475901,T5387,Cement,41.82,85.31
C516970,T5387,Cement,28.07,85.31
C292502,T5387,Steel,15.42,85.31
C955918,T5388,Steel,36.48,36.48
C239162,T5389,Steel,53.05,53.05
C499860,T5390,Coal,22.87,73.42
C650727,T5390,Steel,50.55,73.42
C964126,T5391,Cement,25.64,104.19
C822115,T5391,Coal,36.02,104.19
C862574,T5391,Cement,42.53,104.19
C486027,T5392,Steel,19.03,94.85
C231194,T5392,Coal,48.74,94.85
C236964,T5392,Cement,27.08,94.85
C446398,T5393,Coal,15.82,41.59
C517014,T5393,Food Grain,25.77,41.59
C326629,T5394,Food Grain,19.72,19.72
C598949,T5395,Cement,34.8,94.69
C978925,T5395,Coal,24.53,94.69
C982490,T5395,Coal,35.36,94.69
C748835,T5396,Coal,20.43,37.6
C699539,T5396,Steel,17.17,37.6
C527622,T5397,Food Grain,53.45,144.99
C936057,T5397,Food Grain,54.75,144.99
C538607,T5397,Steel,36.79,144.99
C506036,T5398,Cement,39.74,54.52
C795358,T5398,Food Grain,14.78,54.52
C568382,T5399,Coal,40.91,76.08
C458874,T5399,Food Grain,35.17,76.08
C523406,T5400,Steel,24.35,60.75
C981666,T5400,Cement,36.4,60.75
C356281,T5401,Steel,18.59,90.9
C308723,T5401,Cement,22.45,90.9
C348143,T5401,Coal,49.86,90.9
C718154,T5402,Food Grain,23.28,75.36
C282416,T5402,Coal,52.08,75.36
C994600,T5403,Coal,35.2,35.2
C418430,T5404,Steel,35.84,82.77000000000001
C100322,T5404,Food Grain,24.29,82.77000000000001
C359765,T5404,Food Grain,22.64,82.77000000000001
C238771,T5405,Steel,33.69,33.69
C993098,T5406,Food Grain,26.86,96.64
C790144,T5406,Cement,25.85,96.64
C233037,T5406,Food Grain,43.93,96.64
C509445,T5407,Food Grain,27.31,27.31
C281135,T5408,Coal,47.44,69.61
C642493,T5408,Food Grain,22.17,69.61
C694042,T5409,Food Grain,43.75,108.67
C643669,T5409,Cement,13.54,108.67
C409343,T5409,Coal,51.38,108.67
C700861,T5410,Coal,13.4,65.16
C537142,T5410,Food Grain,51.76,65.16
C371739,T5411,Steel,24.43,41.4
C707712,T5411,Coal,16.97,41.4
C174964,T5412,Coal,42.72,86.33
C723517,T5412,Cement,43.61,86.33
C952179,T5413,Cement,21.72,75.69
C352875,T5413,Steel,53.97,75.69
C627263,T5414,Cement,16.1,16.1
C928086,T5415,Steel,39.17,57.18000000000001
C152918,T5415,Cement,18.01,57.18000000000001
C193924,T5416,Steel,50.77,152.36
C533257,T5416,Steel,49.02,152.36
C737453,T5416,Steel,52.57,152.36
C290989,T5417,Cement,50.15,103.41
C149982,T5417,Steel,53.26,103.41
C965442,T5418,Steel,29.88,82.03
C674175,T5418,Food Grain,34.5,82.03
C746029,T5418,Coal,17.65,82.03
C680042,T5419,Cement,51.0,51.0
C870458,T5420,Coal,43.05,77.22999999999999
C526962,T5420,Coal,21.22,77.22999999999999
C757429,T5420,Cement,12.96,77.22999999999999
C129271,T5421,Steel,33.47,98.61999999999999
C638980,T5421,Steel,47.91,98.61999999999999
C940120,T5421,Steel,17.24,98.61999999999999
C140293,T5422,Coal,33.82,33.82
C227412,T5423,Coal,20.69,65.68
C712355,T5423,Coal,44.99,65.68
C368429,T5424,Cement,27.48,70.99
C649288,T5424,Food Grain,43.51,70.99
C319408,T5425,Food Grain,10.73,36.72
C968433,T5425,Food Grain,25.99,36.72
C115729,T5426,Cement,45.94,124.44
C919433,T5426,Cement,47.09,124.44
C445406,T5426,Steel,31.41,124.44
C510270,T5427,Coal,39.07,39.07
C380665,T5428,Coal,17.34,17.34
C952739,T5429,Steel,13.34,81.2
C864940,T5429,Cement,24.57,81.2
C138310,T5429,Cement,43.29,81.2
C286332,T5430,Food Grain,15.45,94.74
C856220,T5430,Steel,54.91,94.74
C669579,T5430,Steel,24.38,94.74
C655632,T5431,Food Grain,36.12,61.92
C144791,T5431,Coal,13.91,61.92
C849479,T5431,Food Grain,11.89,61.92
C721836,T5432,Cement,45.06,120.59
C974968,T5432,Steel,42.86,120.59
C376095,T5432,Cement,32.67,120.59
C607798,T5433,Steel,43.18,104.26
C662837,T5433,Cement,33.09,104.26
C833234,T5433,Cement,27.99,104.26
C719172,T5434,Steel,10.47,10.47
C716174,T5435,Cement,53.9,93.52
C963752,T5435,Food Grain,26.36,93.52
C362610,T5435,Food Grain,13.26,93.52
C272291,T5436,Steel,15.15,58.44
C149052,T5436,Coal,13.26,58.44
C313215,T5436,Coal,30.03,58.44
C269362,T5437,Food Grain,30.52,30.52
C207748,T5438,Coal,36.94,121.53999999999999
C191775,T5438,Coal,32.9,121.53999999999999
C250155,T5438,Steel,51.7,121.53999999999999
C502169,T5439,Coal,49.04,105.56
C487093,T5439,Food Grain,41.82,105.56
C356858,T5439,Coal,14.7,105.56
C950613,T5440,Steel,41.11,41.11
C757459,T5441,Steel,22.28,56.730000000000004
C649140,T5441,Coal,34.45,56.730000000000004
C471101,T5442,Food Grain,36.18,74.46000000000001
C816926,T5442,Coal,38.28,74.46000000000001
C824119,T5443,Food Grain,14.53,47.28
C950773,T5443,Cement,32.75,47.28
C561336,T5444,Food Grain,50.34,141.65
C181114,T5444,Food Grain,47.56,141.65
C372751,T5444,Coal,43.75,141.65
C246254,T5445,Steel,26.95,83.65
C997697,T5445,Cement,14.21,83.65
C405307,T5445,Food Grain,42.49,83.65
C210651,T5446,Steel,31.8,31.8
C806984,T5447,Cement,23.19,58.650000000000006
C882542,T5447,Food Grain,35.46,58.650000000000006
C766763,T5448,Cement,22.42,80.33
C416470,T5448,Cement,21.77,80.33
C780870,T5448,Coal,36.14,80.33
C163371,T5449,Steel,24.07,85.39
C322588,T5449,Cement,37.73,85.39
C948892,T5449,Food Grain,23.59,85.39
C882463,T5450,Cement,38.79,71.37
C671823,T5450,Coal,32.58,71.37
C721456,T5451,Steel,23.5,71.19
C993330,T5451,Food Grain,35.21,71.19
C436057,T5451,Steel,12.48,71.19
C614204,T5452,Coal,31.85,31.85
C112994,T5453,Steel,11.33,11.33
C331893,T5454,Steel,28.71,89.76
C978173,T5454,Steel,18.02,89.76
C232256,T5454,Steel,43.03,89.76
C386823,T5455,Cement,15.62,32.0
C607426,T5455,Coal,16.38,32.0
C480520,T5456,Coal,55.0,112.47
C762161,T5456,Cement,31.85,112.47
C905411,T5456,Food Grain,25.62,112.47
C602815,T5457,Food Grain,30.42,121.11
C985528,T5457,Food Grain,36.4,121.11
C700673,T5457,Cement,54.29,121.11
C389037,T5458,Coal,34.97,80.49000000000001
C412486,T5458,Cement,45.52,80.49000000000001
C272133,T5459,Cement,29.86,29.86
C645494,T5460,Steel,47.23,130.34
C636911,T5460,Cement,34.62,130.34
C234070,T5460,Coal,48.49,130.34
C672832,T5461,Cement,51.72,105.88
C948507,T5461,Steel,54.16,105.88
C853656,T5462,Coal,39.79,39.79
C666068,T5463,Coal,18.21,18.21
C671750,T5464,Cement,46.62,46.62
C576033,T5465,Food Grain,17.72,50.14
C593485,T5465,Cement,32.42,50.14
C713960,T5466,Cement,21.2,47.21
C416311,T5466,Steel,15.36,47.21
C981697,T5466,Food Grain,10.65,47.21
C690988,T5467,Food Grain,30.4,30.4
C236558,T5468,Coal,22.16,22.16
C109114,T5469,Coal,13.11,83.8
C634422,T5469,Cement,18.68,83.8
C638945,T5469,Coal,52.01,83.8
C133727,T5470,Steel,41.04,91.12
C348610,T5470,Steel,50.08,91.12
C692049,T5471,Coal,12.25,33.72
C339096,T5471,Cement,21.47,33.72
C460986,T5472,Coal,11.1,23.869999999999997
C197665,T5472,Coal,12.77,23.869999999999997
C867803,T5473,Steel,24.62,59.3
C729027,T5473,Cement,34.68,59.3
C242163,T5474,Coal,23.25,121.52
C821736,T5474,Food Grain,47.97,121.52
C971500,T5474,Cement,50.3,121.52
C356460,T5475,Food Grain,22.7,44.019999999999996
C392697,T5475,Cement,21.32,44.019999999999996
C692006,T5476,Steel,28.54,82.33
C490154,T5476,Coal,53.79,82.33
C489822,T5477,Coal,28.06,76.87
C324984,T5477,Steel,48.81,76.87
C495044,T5478,Cement,23.62,23.62
C998238,T5479,Cement,11.77,63.959999999999994
C809766,T5479,Steel,36.76,63.959999999999994
C953483,T5479,Cement,15.43,63.959999999999994
C218589,T5480,Steel,13.69,13.69
C121405,T5481,Coal,39.91,39.91
C601201,T5482,Coal,44.89,87.09
C663448,T5482,Food Grain,42.2,87.09
C181054,T5483,Steel,15.33,15.33
C120610,T5484,Cement,21.46,21.46
C850533,T5485,Coal,14.44,62.18
C721511,T5485,Food Grain,47.74,62.18
C413697,T5486,Cement,29.73,29.73
C707904,T5487,Coal,13.75,98.72
C891770,T5487,Cement,46.97,98.72
C707531,T5487,Coal,38.0,98.72
C746503,T5488,Cement,18.42,77.99000000000001
C915446,T5488,Steel,33.07,77.99000000000001
C646840,T5488,Food Grain,26.5,77.99000000000001
C470136,T5489,Coal,51.73,98.18
C191851,T5489,Food Grain,27.67,98.18
C641342,T5489,Steel,18.78,98.18
C276026,T5490,Coal,31.72,55.53
C463475,T5490,Food Grain,23.81,55.53
C567614,T5491,Coal,43.86,89.94
C930177,T5491,Coal,32.0,89.94
C818376,T5491,Food Grain,14.08,89.94
C343704,T5492,Cement,48.37,48.37
C399448,T5493,Steel,46.81,98.34
C587248,T5493,Cement,51.53,98.34
C233497,T5494,Food Grain,36.22,86.62
C172328,T5494,Coal,50.4,86.62
C602890,T5495,Food Grain,32.7,69.46000000000001
C157476,T5495,Coal,21.99,69.46000000000001
C583092,T5495,Steel,14.77,69.46000000000001
C219644,T5496,Steel,19.28,76.85
C687086,T5496,Coal,41.53,76.85
C374453,T5496,Steel,16.04,76.85
C671458,T5497,Cement,42.09,82.46000000000001
C670886,T5497,Cement,23.33,82.46000000000001
C456234,T5497,Cement,17.04,82.46000000000001
C984677,T5498,Food Grain,53.37,53.37
C381964,T5499,Food Grain,41.27,78.4
C348452,T5499,Food Grain,37.13,78.4
